Datetime,Water Level (m)
2025-02-18 06:00:00,0.96162885
2025-02-18 07:00:00,1.2441107
2025-02-18 08:00:00,1.1001894
2025-02-18 09:00:00,0.5882626
2025-02-18 10:00:00,-0.091082886
2025-02-18 11:00:00,-0.7549408
2025-02-18 12:00:00,-1.2856183
2025-02-18 13:00:00,-1.5962623
2025-02-18 14:00:00,-1.5418217
2025-02-18 15:00:00,-1.0575838
2025-02-18 16:00:00,-0.36985642
2025-02-18 17:00:00,0.28511626
2025-02-18 18:00:00,0.8017089
2025-02-18 19:00:00,1.0680509
2025-02-18 20:00:00,0.957173
2025-02-18 21:00:00,0.49180755
2025-02-18 22:00:00,-0.16508235
2025-02-18 23:00:00,-0.81649786
2025-02-19 00:00:00,-1.3611388
2025-02-19 01:00:00,-1.7162195
2025-02-19 02:00:00,-1.7427677
2025-02-19 03:00:00,-1.3345176
2025-02-19 04:00:00,-0.70999414
2025-02-19 05:00:00,-0.08218444
2025-02-19 06:00:00,0.44804206
2025-02-19 07:00:00,0.80573505
2025-02-19 08:00:00,0.894695
2025-02-19 09:00:00,0.6446283
2025-02-19 10:00:00,0.16651043
2025-02-19 11:00:00,-0.39383158
2025-02-19 12:00:00,-0.907264
2025-02-19 13:00:00,-1.2707765
2025-02-19 14:00:00,-1.3640305
2025-02-19 15:00:00,-1.095693
2025-02-19 16:00:00,-0.5857206
2025-02-19 17:00:00,-0.030266788
2025-02-19 18:00:00,0.4400364
2025-02-19 19:00:00,0.7300782
2025-02-19 20:00:00,0.76379544
2025-02-19 21:00:00,0.4981304
2025-02-19 22:00:00,0.006574015
2025-02-19 23:00:00,-0.54984593
2025-02-20 00:00:00,-1.056624
2025-02-20 01:00:00,-1.4373062
2025-02-20 02:00:00,-1.5918062
2025-02-20 03:00:00,-1.4153508
2025-02-20 04:00:00,-0.96080416
2025-02-20 05:00:00,-0.4241623
2025-02-20 06:00:00,0.06282646
2025-02-20 07:00:00,0.44392294
2025-02-20 08:00:00,0.6357405
2025-02-20 09:00:00,0.5885263
2025-02-20 10:00:00,0.31316116
2025-02-20 11:00:00,-0.10489987
2025-02-20 12:00:00,-0.5337697
2025-02-20 13:00:00,-0.8676223
2025-02-20 14:00:00,-1.0129203
2025-02-20 15:00:00,-0.9906031
2025-02-20 16:00:00,-0.7540596
2025-02-20 17:00:00,-0.41131675
2025-02-20 18:00:00,-0.061846673
2025-02-20 19:00:00,0.24446455
2025-02-20 20:00:00,0.43184575
2025-02-20 21:00:00,0.3926031
2025-02-20 22:00:00,0.10542037
2025-02-20 23:00:00,-0.32473207
2025-02-21 00:00:00,-0.77307767
2025-02-21 01:00:00,-1.1488401
2025-02-21 02:00:00,-1.3666242
2025-02-21 03:00:00,-1.3418335
2025-02-21 04:00:00,-1.0609232
2025-02-21 05:00:00,-0.67713445
2025-02-21 06:00:00,-0.309367
2025-02-21 07:00:00,0.0092685
2025-02-21 08:00:00,0.24350968
2025-02-21 09:00:00,0.35454744
2025-02-21 10:00:00,0.32360166
2025-02-21 11:00:00,0.15308931
2025-02-21 12:00:00,-0.1216804
2025-02-21 13:00:00,-0.40642753
2025-02-21 14:00:00,-0.63862944
2025-02-21 15:00:00,-0.76607865
2025-02-21 16:00:00,-0.76086795
2025-02-21 17:00:00,-0.6338473
2025-02-21 18:00:00,-0.3926855
2025-02-21 19:00:00,-0.14834405
2025-02-21 20:00:00,0.026460906
2025-02-21 21:00:00,0.12215168
2025-02-21 22:00:00,0.08336627
2025-02-21 23:00:00,-0.09874384
2025-02-22 00:00:00,-0.3757032
2025-02-22 01:00:00,-0.66819936
2025-02-22 02:00:00,-0.9131121
2025-02-22 03:00:00,-1.0430357
2025-02-22 04:00:00,-1.0465418
2025-02-22 05:00:00,-0.9364579
2025-02-22 06:00:00,-0.7488126
2025-02-22 07:00:00,-0.5201662
2025-02-22 08:00:00,-0.27074376
2025-02-22 09:00:00,-0.020226315
2025-02-22 10:00:00,0.21339828
2025-02-22 11:00:00,0.36485675
2025-02-22 12:00:00,0.36842486
2025-02-22 13:00:00,0.21410885
2025-02-22 14:00:00,-0.041204978
2025-02-22 15:00:00,-0.3420384
2025-02-22 16:00:00,-0.6136149
2025-02-22 17:00:00,-0.7770073
2025-02-22 18:00:00,-0.816733
2025-02-22 19:00:00,-0.7141565
2025-02-22 20:00:00,-0.5271333
2025-02-22 21:00:00,-0.33361384
2025-02-22 22:00:00,-0.15626125
2025-02-22 23:00:00,-0.01625551
2025-02-23 00:00:00,0.016030572
2025-02-23 01:00:00,-0.08303988
2025-02-23 02:00:00,-0.29294553
2025-02-23 03:00:00,-0.55581176
2025-02-23 04:00:00,-0.8147249
2025-02-23 05:00:00,-1.0152824
2025-02-23 06:00:00,-1.096339
2025-02-23 07:00:00,-1.015324
2025-02-23 08:00:00,-0.809991
2025-02-23 09:00:00,-0.52101415
2025-02-23 10:00:00,-0.16097483
2025-02-23 11:00:00,0.22321372
2025-02-23 12:00:00,0.5366072
2025-02-23 13:00:00,0.6830802
2025-02-23 14:00:00,0.60322315
2025-02-23 15:00:00,0.32425624
2025-02-23 16:00:00,-0.08255094
2025-02-23 17:00:00,-0.5045602
2025-02-23 18:00:00,-0.8683837
2025-02-23 19:00:00,-1.1159756
2025-02-23 20:00:00,-1.1799914
2025-02-23 21:00:00,-1.0180753
2025-02-23 22:00:00,-0.68755436
2025-02-23 23:00:00,-0.30550483
2025-02-24 00:00:00,0.043668143
2025-02-24 01:00:00,0.27310112
2025-02-24 02:00:00,0.3069848
2025-02-24 03:00:00,0.10343308
2025-02-24 04:00:00,-0.27040562
2025-02-24 05:00:00,-0.72029585
2025-02-24 06:00:00,-1.1400383
